{"cameraMode":{"drawMode":0,"name":"Shaded","section":"Shading Mode"},"sceneLighting":true,"audioPlay":false,"sceneViewState":{"m_AlwaysRefresh":false,"showFog":true,"showSkybox":true,"showFlares":true,"showImageEffects":true,"showParticleSystems":true,"showVisualEffectGraphs":true,"m_FxEnabled":true},"in2DMode":false,"pivot":{"x":1.1470000743865967,"y":1.1070001125335694,"z":1.274999976158142},"rotation":{"x":0.008254915475845337,"y":-0.9873449206352234,"z":0.05485415831208229,"w":0.14861594140529633},"size":3.964028835296631,"orthographic":true}