{"cameraMode":{"drawMode":0,"name":"Shaded","section":"Shading Mode"},"sceneLighting":true,"audioPlay":false,"sceneViewState":{"m_AlwaysRefresh":false,"showFog":true,"showSkybox":true,"showFlares":true,"showImageEffects":true,"showParticleSystems":true,"showVisualEffectGraphs":true,"m_FxEnabled":true},"in2DMode":false,"pivot":{"x":-0.8975727558135986,"y":0.26966625452041628,"z":13.743924140930176},"rotation":{"x":0.17009012401103974,"y":0.02985011413693428,"z":-0.005154615268111229,"w":0.9849645495414734},"size":8.206985473632813,"orthographic":true}