{"cameraMode":{"drawMode":0,"name":"Shaded","section":"Shading Mode"},"sceneLighting":false,"audioPlay":false,"sceneViewState":{"m_AlwaysRefresh":false,"showFog":true,"showSkybox":false,"showFlares":true,"showImageEffects":true,"showParticleSystems":true,"showVisualEffectGraphs":true,"m_FxEnabled":true},"in2DMode":false,"pivot":{"x":0.00004487670958042145,"y":-0.19182510673999787,"z":-0.2012120634317398},"rotation":{"x":0.07602640241384506,"y":0.2630232274532318,"z":-0.020795060321688653,"w":0.9615755677223206},"size":0.11616983264684677,"orthographic":true}