{"cameraMode":{"drawMode":0,"name":"Shaded","section":"Shading Mode"},"sceneLighting":false,"audioPlay":false,"sceneViewState":{"m_AlwaysRefresh":false,"showFog":true,"showSkybox":false,"showFlares":true,"showImageEffects":true,"showParticleSystems":true,"showVisualEffectGraphs":true,"m_FxEnabled":true},"in2DMode":false,"pivot":{"x":3.2070000171661379,"y":2.3510000705718996,"z":4.040655136108398},"rotation":{"x":0.052166640758514407,"y":-0.25622332096099856,"z":0.013849533163011074,"w":0.9651097655296326},"size":1.2869962453842164,"orthographic":false}