{"cameraMode":{"drawMode":0,"name":"Shaded","section":"Shading Mode"},"sceneLighting":false,"audioPlay":false,"sceneViewState":{"m_AlwaysRefresh":false,"showFog":true,"showSkybox":false,"showFlares":true,"showImageEffects":true,"showParticleSystems":true,"showVisualEffectGraphs":true,"m_FxEnabled":true},"in2DMode":false,"pivot":{"x":0.8115580677986145,"y":0.026074886322021486,"z":0.02500009536743164},"rotation":{"x":0.021937184035778047,"y":-0.9724689722061157,"z":0.10248718410730362,"w":0.20818877220153809},"size":2.675412893295288,"orthographic":true}