{"cameraMode":{"drawMode":0,"name":"Shaded","section":"Shading Mode"},"sceneLighting":false,"audioPlay":false,"sceneViewState":{"m_AlwaysRefresh":false,"showFog":true,"showSkybox":false,"showFlares":true,"showImageEffects":true,"showParticleSystems":true,"showVisualEffectGraphs":true,"m_FxEnabled":true},"in2DMode":false,"pivot":{"x":0.8046888709068298,"y":0.7843341827392578,"z":11.658455848693848},"rotation":{"x":0.011386512778699398,"y":-0.6978445053100586,"z":0.011096895672380925,"w":0.7160859704017639},"size":1.393425464630127,"orthographic":true}