{"cameraMode":{"drawMode":0,"name":"Shaded","section":"Shading Mode"},"sceneLighting":false,"audioPlay":false,"sceneViewState":{"m_AlwaysRefresh":false,"showFog":true,"showSkybox":false,"showFlares":true,"showImageEffects":true,"showParticleSystems":true,"showVisualEffectGraphs":true,"m_FxEnabled":true},"in2DMode":false,"pivot":{"x":-2.7928967475891115,"y":1.097665786743164,"z":1.7321503162384034},"rotation":{"x":0.008254915475845337,"y":-0.9873449206352234,"z":0.05485415831208229,"w":0.14861594140529633},"size":1.2274585962295533,"orthographic":true}